PROJETO,DESCRICAO,SITUACAO,ANO_INICIO,ANO_FIM,ID,FULL_NAME,LAST_NAME,CITADO,CITY,STATE,RESUME,UPDATE,ADDRESS_ENTERP,ORCID
"Banco de Cola de Fibrina Obtida pela Tecnologia TissueBond 2BCS: Sistematização da Captação, Processamento, Armazenamento, Distribuição e Uso Clínico.","Programa Especial do RHAE-Inovação. Projeto: 551325/2011-9. Banco de Cola de Fibrina Obtida pela Tecnologia TissueBond 2 BCS: Sistematização da Captação, Processamento, Armazenamento,&amp;#10;Distribuição e Uso Clínico.",CONCLUIDO,2011,2012,0113326674939174,Cristiana Leal de Lacerda Pires,Pires,"PIRES, C. L. L.",Recife,PE,"Doutoranda em Ciência da Computação (CIn-UFPE 2023), mestra em Design na linha Artefatos Digitais (UFPE 2019), graduada em Desenho Industrial com habilitação em Projeto do Produto (UFPE 2008). Atua há 15 anos na área de Desenvolvimento de Novos Produtos (NPD) e elaboração de projetos de P&amp;D de inovação tecnológica e industrial com foco na pesquisa aplicada, captação de recursos e propriedade intelectual. Pesquisadora de abordagens de design colaborativo e transdisciplinar em hackathons, com ênfase em metathons (hackathons do metaverso) e pensamento ciborgue, é também Analista Educacional Sênior no CESAR - Centro de Estudos e Sistemas Avançados do Recife, atuando no desenvolvimento de produtos e soluções educacionais para instituições de ensino, centros de pesquisa, núcleos de inovação e iniciativa privada. Ainda, é sócia e conselheira do Fab Lab Recife, responsável pela cooperação internacional e gestão do conhecimento em PD&amp;I com uso de tecnologias de fabricação digital na interface Academia-Mercado, além de de community connector da Singularity University no Recife chapter, e docente visitante da especialização em Tecnologias do Design na UNICAP ICAM-Tech International School. Em 2018 e 2019 foi finalista do Creative Learning Challenge Brazil, promovido pelo MIT Media Lab com o apoio da Fundação Lemann.",28-09-2022,,https://orcid.org/0000-0003-4581-6225
Entressola Polimagnética,"Desenvolver um protótipo e a fabricação de um lote piloto para validação de uma entressola, na qual terá um sistema de amortecimento através de tecnologia polimagnética correlacionada (Polymagnet): tecnologia inovadora que permite a simultânea adaptação de calçados esportivos, destinados a&amp;#10;corredores recreativos ou amadores, tanto a diversos tipos de pisada quanto a superfícies irregulares de corrida. Projeto aprovado no 'Edital SESI/SENAI de Inovação para a Indústria'.",DESATIVADO,2017,2017,0113326674939174,Cristiana Leal de Lacerda Pires,Pires,"PIRES, C. L. L.",Recife,PE,"Doutoranda em Ciência da Computação (CIn-UFPE 2023), mestra em Design na linha Artefatos Digitais (UFPE 2019), graduada em Desenho Industrial com habilitação em Projeto do Produto (UFPE 2008). Atua há 15 anos na área de Desenvolvimento de Novos Produtos (NPD) e elaboração de projetos de P&amp;D de inovação tecnológica e industrial com foco na pesquisa aplicada, captação de recursos e propriedade intelectual. Pesquisadora de abordagens de design colaborativo e transdisciplinar em hackathons, com ênfase em metathons (hackathons do metaverso) e pensamento ciborgue, é também Analista Educacional Sênior no CESAR - Centro de Estudos e Sistemas Avançados do Recife, atuando no desenvolvimento de produtos e soluções educacionais para instituições de ensino, centros de pesquisa, núcleos de inovação e iniciativa privada. Ainda, é sócia e conselheira do Fab Lab Recife, responsável pela cooperação internacional e gestão do conhecimento em PD&amp;I com uso de tecnologias de fabricação digital na interface Academia-Mercado, além de de community connector da Singularity University no Recife chapter, e docente visitante da especialização em Tecnologias do Design na UNICAP ICAM-Tech International School. Em 2018 e 2019 foi finalista do Creative Learning Challenge Brazil, promovido pelo MIT Media Lab com o apoio da Fundação Lemann.",28-09-2022,,https://orcid.org/0000-0003-4581-6225
Escudo facial de emergência em chapa polimérica monomaterial,,CONCLUIDO,2021,2021,0113326674939174,Cristiana Leal de Lacerda Pires,Pires,"PIRES, C. L. L.",Recife,PE,"Doutoranda em Ciência da Computação (CIn-UFPE 2023), mestra em Design na linha Artefatos Digitais (UFPE 2019), graduada em Desenho Industrial com habilitação em Projeto do Produto (UFPE 2008). Atua há 15 anos na área de Desenvolvimento de Novos Produtos (NPD) e elaboração de projetos de P&amp;D de inovação tecnológica e industrial com foco na pesquisa aplicada, captação de recursos e propriedade intelectual. Pesquisadora de abordagens de design colaborativo e transdisciplinar em hackathons, com ênfase em metathons (hackathons do metaverso) e pensamento ciborgue, é também Analista Educacional Sênior no CESAR - Centro de Estudos e Sistemas Avançados do Recife, atuando no desenvolvimento de produtos e soluções educacionais para instituições de ensino, centros de pesquisa, núcleos de inovação e iniciativa privada. Ainda, é sócia e conselheira do Fab Lab Recife, responsável pela cooperação internacional e gestão do conhecimento em PD&amp;I com uso de tecnologias de fabricação digital na interface Academia-Mercado, além de de community connector da Singularity University no Recife chapter, e docente visitante da especialização em Tecnologias do Design na UNICAP ICAM-Tech International School. Em 2018 e 2019 foi finalista do Creative Learning Challenge Brazil, promovido pelo MIT Media Lab com o apoio da Fundação Lemann.",28-09-2022,,https://orcid.org/0000-0003-4581-6225
Motorola TDMA,Desenvolvimento e manutenção de software básico dos telefones celulares com tecnologia TDMA da Motorola.,CONCLUIDO,2002,2003,0266043277510432,Tiago Guedes Ferreira Barros,Barros,"BARROS, T.;BARROS, TIAGO;BARROS, T. G. F.;BARROS, TIAGO G. F.",Recife,PE,"Tiago Barros é o Engenheiro Chefe de IoT no CESAR, responsável pela coordenação do Grupo de Pesquisa em IoT e por projetar e implementar a meta-plataforma KNoT Network of Things. Tiago é o representante do CESAR na Comissão Brasileira de Comunicações (CBC 3) da ANATEL que lida com a padronização das telecomunicações no Brasil, sendo responsável por redigir recomendações para a Comissão de Estudos 20 da ITU-T que trata de Internet das Coisas, comunidades e cidades inteligentes. Tiago Barros também é professor convidado do curso de pós-graduação em arquitetura de software para dispositivos móveis da UFPE / CIn / Motorola há mais de 15 anos. Ele também leciona disciplinas de prototipação eletrônica nos cursos de Ciência da Computação e Mestrado em Design no CESAR e na UFPE desde 2009. Em 2016, Tiago começou uma das primeiras especializações em IoT do país, na CESAR.School, sendo o coordenador responsável por definir toda a parte pedagógica, disciplinas e conteúdos do curso. Tiago possui mestrado em Ciência da Computação (UFPE-2007), B.Sc. em Ciência da Computação (UFPE-2003) e Técnico em Eletrônica (ETFPE-1998), com mais de 24 anos de experiência em desenvolvimento de software, com ênfase em Internet das Coisas, sistemas embarcados de tempo real, arquitetura de software e protocolos de comunicação.",16-09-2022,Centro de Estudos e Sistemas Avançados do Recife,
Motorola Delta,Desenvolvimento de aplicações para dispositivos móveis,CONCLUIDO,2004,2006,0266043277510432,Tiago Guedes Ferreira Barros,Barros,"BARROS, T.;BARROS, TIAGO;BARROS, T. G. F.;BARROS, TIAGO G. F.",Recife,PE,"Tiago Barros é o Engenheiro Chefe de IoT no CESAR, responsável pela coordenação do Grupo de Pesquisa em IoT e por projetar e implementar a meta-plataforma KNoT Network of Things. Tiago é o representante do CESAR na Comissão Brasileira de Comunicações (CBC 3) da ANATEL que lida com a padronização das telecomunicações no Brasil, sendo responsável por redigir recomendações para a Comissão de Estudos 20 da ITU-T que trata de Internet das Coisas, comunidades e cidades inteligentes. Tiago Barros também é professor convidado do curso de pós-graduação em arquitetura de software para dispositivos móveis da UFPE / CIn / Motorola há mais de 15 anos. Ele também leciona disciplinas de prototipação eletrônica nos cursos de Ciência da Computação e Mestrado em Design no CESAR e na UFPE desde 2009. Em 2016, Tiago começou uma das primeiras especializações em IoT do país, na CESAR.School, sendo o coordenador responsável por definir toda a parte pedagógica, disciplinas e conteúdos do curso. Tiago possui mestrado em Ciência da Computação (UFPE-2007), B.Sc. em Ciência da Computação (UFPE-2003) e Técnico em Eletrônica (ETFPE-1998), com mais de 24 anos de experiência em desenvolvimento de software, com ênfase em Internet das Coisas, sistemas embarcados de tempo real, arquitetura de software e protocolos de comunicação.",16-09-2022,Centro de Estudos e Sistemas Avançados do Recife,
Samsung Watcher,Desenvolvimento de solução de monitoramento e streaming de vídeo remoto.,CONCLUIDO,2012,2012,0266043277510432,Tiago Guedes Ferreira Barros,Barros,"BARROS, T.;BARROS, TIAGO;BARROS, T. G. F.;BARROS, TIAGO G. F.",Recife,PE,"Tiago Barros é o Engenheiro Chefe de IoT no CESAR, responsável pela coordenação do Grupo de Pesquisa em IoT e por projetar e implementar a meta-plataforma KNoT Network of Things. Tiago é o representante do CESAR na Comissão Brasileira de Comunicações (CBC 3) da ANATEL que lida com a padronização das telecomunicações no Brasil, sendo responsável por redigir recomendações para a Comissão de Estudos 20 da ITU-T que trata de Internet das Coisas, comunidades e cidades inteligentes. Tiago Barros também é professor convidado do curso de pós-graduação em arquitetura de software para dispositivos móveis da UFPE / CIn / Motorola há mais de 15 anos. Ele também leciona disciplinas de prototipação eletrônica nos cursos de Ciência da Computação e Mestrado em Design no CESAR e na UFPE desde 2009. Em 2016, Tiago começou uma das primeiras especializações em IoT do país, na CESAR.School, sendo o coordenador responsável por definir toda a parte pedagógica, disciplinas e conteúdos do curso. Tiago possui mestrado em Ciência da Computação (UFPE-2007), B.Sc. em Ciência da Computação (UFPE-2003) e Técnico em Eletrônica (ETFPE-1998), com mais de 24 anos de experiência em desenvolvimento de software, com ênfase em Internet das Coisas, sistemas embarcados de tempo real, arquitetura de software e protocolos de comunicação.",16-09-2022,Centro de Estudos e Sistemas Avançados do Recife,
Monitor de Irrigação,Desenvolvimento de um sistema de telemetria para pivôs centrais de irrigação. Este sistema permite a coleta remota dos dados de irrigação e funcionamento do pivo central e geração de informações consolidadas sobre estes dados.,DESATIVADO,2012,ATUAL,0266043277510432,Tiago Guedes Ferreira Barros,Barros,"BARROS, T.;BARROS, TIAGO;BARROS, T. G. F.;BARROS, TIAGO G. F.",Recife,PE,"Tiago Barros é o Engenheiro Chefe de IoT no CESAR, responsável pela coordenação do Grupo de Pesquisa em IoT e por projetar e implementar a meta-plataforma KNoT Network of Things. Tiago é o representante do CESAR na Comissão Brasileira de Comunicações (CBC 3) da ANATEL que lida com a padronização das telecomunicações no Brasil, sendo responsável por redigir recomendações para a Comissão de Estudos 20 da ITU-T que trata de Internet das Coisas, comunidades e cidades inteligentes. Tiago Barros também é professor convidado do curso de pós-graduação em arquitetura de software para dispositivos móveis da UFPE / CIn / Motorola há mais de 15 anos. Ele também leciona disciplinas de prototipação eletrônica nos cursos de Ciência da Computação e Mestrado em Design no CESAR e na UFPE desde 2009. Em 2016, Tiago começou uma das primeiras especializações em IoT do país, na CESAR.School, sendo o coordenador responsável por definir toda a parte pedagógica, disciplinas e conteúdos do curso. Tiago possui mestrado em Ciência da Computação (UFPE-2007), B.Sc. em Ciência da Computação (UFPE-2003) e Técnico em Eletrônica (ETFPE-1998), com mais de 24 anos de experiência em desenvolvimento de software, com ênfase em Internet das Coisas, sistemas embarcados de tempo real, arquitetura de software e protocolos de comunicação.",16-09-2022,Centro de Estudos e Sistemas Avançados do Recife,
Grupo de Inovação Positivo,Desenvolvimento de soluções inovadores em computação pessoal para a Positivo Informática.,CONCLUIDO,2008,2011,0266043277510432,Tiago Guedes Ferreira Barros,Barros,"BARROS, T.;BARROS, TIAGO;BARROS, T. G. F.;BARROS, TIAGO G. F.",Recife,PE,"Tiago Barros é o Engenheiro Chefe de IoT no CESAR, responsável pela coordenação do Grupo de Pesquisa em IoT e por projetar e implementar a meta-plataforma KNoT Network of Things. Tiago é o representante do CESAR na Comissão Brasileira de Comunicações (CBC 3) da ANATEL que lida com a padronização das telecomunicações no Brasil, sendo responsável por redigir recomendações para a Comissão de Estudos 20 da ITU-T que trata de Internet das Coisas, comunidades e cidades inteligentes. Tiago Barros também é professor convidado do curso de pós-graduação em arquitetura de software para dispositivos móveis da UFPE / CIn / Motorola há mais de 15 anos. Ele também leciona disciplinas de prototipação eletrônica nos cursos de Ciência da Computação e Mestrado em Design no CESAR e na UFPE desde 2009. Em 2016, Tiago começou uma das primeiras especializações em IoT do país, na CESAR.School, sendo o coordenador responsável por definir toda a parte pedagógica, disciplinas e conteúdos do curso. Tiago possui mestrado em Ciência da Computação (UFPE-2007), B.Sc. em Ciência da Computação (UFPE-2003) e Técnico em Eletrônica (ETFPE-1998), com mais de 24 anos de experiência em desenvolvimento de software, com ênfase em Internet das Coisas, sistemas embarcados de tempo real, arquitetura de software e protocolos de comunicação.",16-09-2022,Centro de Estudos e Sistemas Avançados do Recife,
Mostrips,Desenvolvimento de rede social para compartilhamento de estórias compostas de fotos e textos.,CONCLUIDO,2006,2006,0266043277510432,Tiago Guedes Ferreira Barros,Barros,"BARROS, T.;BARROS, TIAGO;BARROS, T. G. F.;BARROS, TIAGO G. F.",Recife,PE,"Tiago Barros é o Engenheiro Chefe de IoT no CESAR, responsável pela coordenação do Grupo de Pesquisa em IoT e por projetar e implementar a meta-plataforma KNoT Network of Things. Tiago é o representante do CESAR na Comissão Brasileira de Comunicações (CBC 3) da ANATEL que lida com a padronização das telecomunicações no Brasil, sendo responsável por redigir recomendações para a Comissão de Estudos 20 da ITU-T que trata de Internet das Coisas, comunidades e cidades inteligentes. Tiago Barros também é professor convidado do curso de pós-graduação em arquitetura de software para dispositivos móveis da UFPE / CIn / Motorola há mais de 15 anos. Ele também leciona disciplinas de prototipação eletrônica nos cursos de Ciência da Computação e Mestrado em Design no CESAR e na UFPE desde 2009. Em 2016, Tiago começou uma das primeiras especializações em IoT do país, na CESAR.School, sendo o coordenador responsável por definir toda a parte pedagógica, disciplinas e conteúdos do curso. Tiago possui mestrado em Ciência da Computação (UFPE-2007), B.Sc. em Ciência da Computação (UFPE-2003) e Técnico em Eletrônica (ETFPE-1998), com mais de 24 anos de experiência em desenvolvimento de software, com ênfase em Internet das Coisas, sistemas embarcados de tempo real, arquitetura de software e protocolos de comunicação.",16-09-2022,Centro de Estudos e Sistemas Avançados do Recife,
Motorola Embedded Applications,Desenvolvimento de aplicações para dispositivos móveis,CONCLUIDO,2006,2007,0266043277510432,Tiago Guedes Ferreira Barros,Barros,"BARROS, T.;BARROS, TIAGO;BARROS, T. G. F.;BARROS, TIAGO G. F.",Recife,PE,"Tiago Barros é o Engenheiro Chefe de IoT no CESAR, responsável pela coordenação do Grupo de Pesquisa em IoT e por projetar e implementar a meta-plataforma KNoT Network of Things. Tiago é o representante do CESAR na Comissão Brasileira de Comunicações (CBC 3) da ANATEL que lida com a padronização das telecomunicações no Brasil, sendo responsável por redigir recomendações para a Comissão de Estudos 20 da ITU-T que trata de Internet das Coisas, comunidades e cidades inteligentes. Tiago Barros também é professor convidado do curso de pós-graduação em arquitetura de software para dispositivos móveis da UFPE / CIn / Motorola há mais de 15 anos. Ele também leciona disciplinas de prototipação eletrônica nos cursos de Ciência da Computação e Mestrado em Design no CESAR e na UFPE desde 2009. Em 2016, Tiago começou uma das primeiras especializações em IoT do país, na CESAR.School, sendo o coordenador responsável por definir toda a parte pedagógica, disciplinas e conteúdos do curso. Tiago possui mestrado em Ciência da Computação (UFPE-2007), B.Sc. em Ciência da Computação (UFPE-2003) e Técnico em Eletrônica (ETFPE-1998), com mais de 24 anos de experiência em desenvolvimento de software, com ênfase em Internet das Coisas, sistemas embarcados de tempo real, arquitetura de software e protocolos de comunicação.",16-09-2022,Centro de Estudos e Sistemas Avançados do Recife,
Projeto SIRIF,"O projeto de criação do Sistema de Informações e Relatórios de Inteligência Financeira (SIRIF) com objetivo de criar uma aplicação para gerenciamento de dados sigilosos com vistas a emissão de relatórios de inteligência úteis a tomada de decisão sob o aspecto criminal. Documentado no Procedimento de Gestão Administrativa PGR/MPF n 1.00.000.007609/2018-91. O projeto foi aprovado pela Portaria PGR/MPF N 627, DE 9/07/2018, e publicado no DMPF-e N 129/2018 - Administrativo, de 11/07/2018.",EM_ANDAMENTO,2018,ATUAL,1310087115891977,Antonio Willian Sousa,Sousa,"SOUSA, A. W.;Sousa, Antonio;Sousa, Antonio W.",ITAPIPOCA,CE,"Possui mestrado em Processamento de Linguagem Natural pela Universidade Federal do Paraná e graduação em Análise e Desenvolvimento de Sistemas pelo Centro Estadual de Educação Tecnológica Paula Souza. Atua no desenvolvimento de sistemas de reconhecimento, detecção e segmentação de imagens. Tem experiência na área de Ciência da Computação, com ênfase em Aprendizagem de Máquina, atuando principalmente nos seguintes temas: aprendizagem de máquina, redes neurais, reconhecimento de imagens, processamento de linguagem natural, processamento de linguagem natual e rastreamento do olhar.",11-02-2022,,
SARA,"O IPGM (Instituto Preguiça de Garganta Marrom), sediado pelo Zoológico de Dois Irmãos no estado de Pernambuco, é um órgão público responsável pelo tratamento e reabilitação de bichos preguiça e sua reinserção em seu habitat natural. O presente projeto, executado pelos alunos dos cursos de graduação em Design e Ciência da Computação da faculdade CESAR School, teve como objetivo o desenvolvimento e a prova de conceito de um sistema de monitoramento desses animais, envolvendo a simulação através de uma triangulação de dispositivos capaz de fornecer uma localização aproximada dos bichos após soltura, juntamente com a criação de uma interface que sintetiza essas informações de forma simples e clara. Durante o processo de desenvolvimento, foram realizados testes para validação dos protótipos construídos e, ao final do projeto, foi feita a coleta de resultados que atestam a eficiência do projeto e das etapas cumpridas. Para a realização deste projeto, foram utilizadas metodologias de Design específicas para pesquisa, coleta e análise de dados e documentação das informações obtidas.",CONCLUIDO,2018,2018,4137898857225049,Luiz Francisco Alves de Araujo,Araujo,"ARAUJO, Luiz Francisco A.;ARAÚJO, L.;de Araújo, Luiz F.;Luiz F. de Araújo;Araújo, Luiz",São Paulo,SP,"É doutorando em Design pela Universidade Federal de Pernambuco na área de artefatos digitais, possui mestrado (2015) e graduação em Design 1994) pela mesma instituição. É coordenador do curso de Bacharelado em Design da CESAR School e também atua como coordenador do curso de especialização em Design de Interação para Artefatos Digitais na mesma instituição. Atuou como coordenador do Curso Técnico de Nível Médio de Multimídia/Artes para Jogos Digitais na Escola Técnica Estadual Cícero Dias - Programa NAVE,  e também coordenou a especialização em Design de Interação na Faculdade Guararapes. &amp;#10;Dentro do Programa NAVE coordenou orientou mais de 60 projetos de jogos e artefatos digitais que somam mais de 800.000 downloads nas lojas do Google Play e Microsoft Store, muitos destes projetos foram premiados em eventos como: Festival de Jogos Independentes do SBGames; competições de hackathon da Microsoft; Technovation Challenge; Concurso INOVApps do Ministério das Comunicações; dentre outros. Coordenou também projetos de animações selecionados e premiados em diversos festivais nacionais e internacionais como o Anima Mundi,  Festival Pequeno Cineasta, Mostra Geração - Festival do Rio, I.N.S.A.N.E. Festival, Grenada Aftergow e Fayette Film Fest.&amp;#10;Trabalhou mais de 18 anos na área de comunicação e design para várias empresas e instituições destacando projetos como: o livro/ações ?Comedoria Popular?, patrocinado pelo Fundo Pernambucano de Incentivo à Cultura - FUNCULTURA; &amp;quot;Direito do Consumidor nas Ruas&amp;quot; da ADECCON, financiado pelo Ministério da Justiça; projeto DVD-ROM da &amp;quot;Sala especial Paulo Bruscky&amp;quot; para Bienal de Artes de São Paulo 2004, projeto patrocinado pelo Centro Cultural Brasil Alemanha - CCBA e Consulado Alemão.",10-09-2021,Centro de Estudos e Sistemas Avançados do Recife,https://orcid.org/0000-0002-4610-6586
SSD Cache,Desenvolvimento de cache para acesso a array de discos em rede de armazenamento SAN utilizando memória SSD. Algoritmos de substituição e de predição foram estudados nesse contexto. Um protótipo foi implementado utilizando a biblioteca SCST em SO Linux.,CONCLUIDO,2011,2011,4304915270065653,Ioram Schechtman Sette,Sette,"SETTE, I. S.;Sette, I. S.;Sette, Ioram S.;SCHECHTMAN SETTE, IORAM",Recife,PE,"Doutor em ciência da computação pelo CIn/UFPE (2016), Ioram Sette atua como CTO na startup Verifiable Credentials Ltd e como Professor e Pesquisador no Centro de Estudos e Sistemas Avançados do Recife (CESAR). Possui mais de 25 de experiência na área de desenvolvimento e administração de sistemas distribuídos. Fundou uma BBS e Provedor de Internet em Recife, PE. Trabalhou também na e-Capture - rede de captura de transações eletrônicas, empresa adquirida pelo Itaú Unibanco. Seus interesses de pesquisa incluem ambientes multi-nuvem heterogêneos, cultura DevOps, gestão da identidade (IdM), Credenciais Verificáveis (VCs) e Identidades Auto-Soberanas (SSI), autorização baseada em políticas, segurança da informação e teoria da computação.",23-05-2021,Centro de Estudos e Sistemas Avançados do Recife,
Trusted Virtual Client Management,Projeto para gerenciar de forma segura máquinas virtuais hospedadas em computadores corporativos.,CONCLUIDO,2012,2012,4304915270065653,Ioram Schechtman Sette,Sette,"SETTE, I. S.;Sette, I. S.;Sette, Ioram S.;SCHECHTMAN SETTE, IORAM",Recife,PE,"Doutor em ciência da computação pelo CIn/UFPE (2016), Ioram Sette atua como CTO na startup Verifiable Credentials Ltd e como Professor e Pesquisador no Centro de Estudos e Sistemas Avançados do Recife (CESAR). Possui mais de 25 de experiência na área de desenvolvimento e administração de sistemas distribuídos. Fundou uma BBS e Provedor de Internet em Recife, PE. Trabalhou também na e-Capture - rede de captura de transações eletrônicas, empresa adquirida pelo Itaú Unibanco. Seus interesses de pesquisa incluem ambientes multi-nuvem heterogêneos, cultura DevOps, gestão da identidade (IdM), Credenciais Verificáveis (VCs) e Identidades Auto-Soberanas (SSI), autorização baseada em políticas, segurança da informação e teoria da computação.",23-05-2021,Centro de Estudos e Sistemas Avançados do Recife,
Cloud Client Security and Management,Serviço na nuvem para gerenciamento e aplicação de políticas de segurança em dispositivos corporativos.,CONCLUIDO,2012,2013,4304915270065653,Ioram Schechtman Sette,Sette,"SETTE, I. S.;Sette, I. S.;Sette, Ioram S.;SCHECHTMAN SETTE, IORAM",Recife,PE,"Doutor em ciência da computação pelo CIn/UFPE (2016), Ioram Sette atua como CTO na startup Verifiable Credentials Ltd e como Professor e Pesquisador no Centro de Estudos e Sistemas Avançados do Recife (CESAR). Possui mais de 25 de experiência na área de desenvolvimento e administração de sistemas distribuídos. Fundou uma BBS e Provedor de Internet em Recife, PE. Trabalhou também na e-Capture - rede de captura de transações eletrônicas, empresa adquirida pelo Itaú Unibanco. Seus interesses de pesquisa incluem ambientes multi-nuvem heterogêneos, cultura DevOps, gestão da identidade (IdM), Credenciais Verificáveis (VCs) e Identidades Auto-Soberanas (SSI), autorização baseada em políticas, segurança da informação e teoria da computação.",23-05-2021,Centro de Estudos e Sistemas Avançados do Recife,
Secure Print,Projeto para melhorar segurança da impressão em ambiente de nuvem e rede wifi.,EM_ANDAMENTO,2014,ATUAL,4304915270065653,Ioram Schechtman Sette,Sette,"SETTE, I. S.;Sette, I. S.;Sette, Ioram S.;SCHECHTMAN SETTE, IORAM",Recife,PE,"Doutor em ciência da computação pelo CIn/UFPE (2016), Ioram Sette atua como CTO na startup Verifiable Credentials Ltd e como Professor e Pesquisador no Centro de Estudos e Sistemas Avançados do Recife (CESAR). Possui mais de 25 de experiência na área de desenvolvimento e administração de sistemas distribuídos. Fundou uma BBS e Provedor de Internet em Recife, PE. Trabalhou também na e-Capture - rede de captura de transações eletrônicas, empresa adquirida pelo Itaú Unibanco. Seus interesses de pesquisa incluem ambientes multi-nuvem heterogêneos, cultura DevOps, gestão da identidade (IdM), Credenciais Verificáveis (VCs) e Identidades Auto-Soberanas (SSI), autorização baseada em políticas, segurança da informação e teoria da computação.",23-05-2021,Centro de Estudos e Sistemas Avançados do Recife,
New Castle,"Desenvolvimento de aplicação web nas tecnologias PHP e JavaScript para exibir diversos tipos de relatórios com textos, gráficos e tabelas. O aplicativo recebe como entrada uma massa de dados, por exemplo resultados de testes, e realiza cálculos e análises estatísticas para exibição consolidada de relatórios.",CONCLUIDO,2015,2016,4304915270065653,Ioram Schechtman Sette,Sette,"SETTE, I. S.;Sette, I. S.;Sette, Ioram S.;SCHECHTMAN SETTE, IORAM",Recife,PE,"Doutor em ciência da computação pelo CIn/UFPE (2016), Ioram Sette atua como CTO na startup Verifiable Credentials Ltd e como Professor e Pesquisador no Centro de Estudos e Sistemas Avançados do Recife (CESAR). Possui mais de 25 de experiência na área de desenvolvimento e administração de sistemas distribuídos. Fundou uma BBS e Provedor de Internet em Recife, PE. Trabalhou também na e-Capture - rede de captura de transações eletrônicas, empresa adquirida pelo Itaú Unibanco. Seus interesses de pesquisa incluem ambientes multi-nuvem heterogêneos, cultura DevOps, gestão da identidade (IdM), Credenciais Verificáveis (VCs) e Identidades Auto-Soberanas (SSI), autorização baseada em políticas, segurança da informação e teoria da computação.",23-05-2021,Centro de Estudos e Sistemas Avançados do Recife,
Wings,"Implantação e gerenciamento de aplicação para monitorar e analisar dados provenientes de veículos automotivos, hospedada em nuvem AWS utilizando contêiners Docker.",EM_ANDAMENTO,2018,ATUAL,4304915270065653,Ioram Schechtman Sette,Sette,"SETTE, I. S.;Sette, I. S.;Sette, Ioram S.;SCHECHTMAN SETTE, IORAM",Recife,PE,"Doutor em ciência da computação pelo CIn/UFPE (2016), Ioram Sette atua como CTO na startup Verifiable Credentials Ltd e como Professor e Pesquisador no Centro de Estudos e Sistemas Avançados do Recife (CESAR). Possui mais de 25 de experiência na área de desenvolvimento e administração de sistemas distribuídos. Fundou uma BBS e Provedor de Internet em Recife, PE. Trabalhou também na e-Capture - rede de captura de transações eletrônicas, empresa adquirida pelo Itaú Unibanco. Seus interesses de pesquisa incluem ambientes multi-nuvem heterogêneos, cultura DevOps, gestão da identidade (IdM), Credenciais Verificáveis (VCs) e Identidades Auto-Soberanas (SSI), autorização baseada em políticas, segurança da informação e teoria da computação.",23-05-2021,Centro de Estudos e Sistemas Avançados do Recife,
DevOps,"Aplicação de ferramentas e processos DevOps em projetos de desenvolvimento de aplicações web utilizando linguagens PHP e JavaScript hospedadas em nuvem OpenStack. Ambientes são provisionados através de playbooks Ansible/Jinja2 e provisionamento é feito através de processos de integração contínua e entrega contínua (CI/CD) utilizando as ferramentas Jenkins/Groovy e Github. A monitoração de ambientes utiliza ferramentas como Zabbix, Sentry e pilha ELK. Segredos são armazenados na ferramenta Hashicorp Vault.",EM_ANDAMENTO,2016,ATUAL,4304915270065653,Ioram Schechtman Sette,Sette,"SETTE, I. S.;Sette, I. S.;Sette, Ioram S.;SCHECHTMAN SETTE, IORAM",Recife,PE,"Doutor em ciência da computação pelo CIn/UFPE (2016), Ioram Sette atua como CTO na startup Verifiable Credentials Ltd e como Professor e Pesquisador no Centro de Estudos e Sistemas Avançados do Recife (CESAR). Possui mais de 25 de experiência na área de desenvolvimento e administração de sistemas distribuídos. Fundou uma BBS e Provedor de Internet em Recife, PE. Trabalhou também na e-Capture - rede de captura de transações eletrônicas, empresa adquirida pelo Itaú Unibanco. Seus interesses de pesquisa incluem ambientes multi-nuvem heterogêneos, cultura DevOps, gestão da identidade (IdM), Credenciais Verificáveis (VCs) e Identidades Auto-Soberanas (SSI), autorização baseada em políticas, segurança da informação e teoria da computação.",23-05-2021,Centro de Estudos e Sistemas Avançados do Recife,
Desenvolvimento do Software Educacional Coruja em C++ - Projeto de Iniciação Científica - Departamento de Informática - UFPE,Projeto de Iniciação Científica para desenvolvimento do software educacional Coruja utilizando técnicas de orientação objeto na linguagem de programação C++.,CONCLUIDO,1994,1994,4304915270065653,Ioram Schechtman Sette,Sette,"SETTE, I. S.;Sette, I. S.;Sette, Ioram S.;SCHECHTMAN SETTE, IORAM",Recife,PE,"Doutor em ciência da computação pelo CIn/UFPE (2016), Ioram Sette atua como CTO na startup Verifiable Credentials Ltd e como Professor e Pesquisador no Centro de Estudos e Sistemas Avançados do Recife (CESAR). Possui mais de 25 de experiência na área de desenvolvimento e administração de sistemas distribuídos. Fundou uma BBS e Provedor de Internet em Recife, PE. Trabalhou também na e-Capture - rede de captura de transações eletrônicas, empresa adquirida pelo Itaú Unibanco. Seus interesses de pesquisa incluem ambientes multi-nuvem heterogêneos, cultura DevOps, gestão da identidade (IdM), Credenciais Verificáveis (VCs) e Identidades Auto-Soberanas (SSI), autorização baseada em políticas, segurança da informação e teoria da computação.",23-05-2021,Centro de Estudos e Sistemas Avançados do Recife,
Credenciais Verficáveis - MVP,O projeto visa construir uma plataforma para viabilizar o uso de credenciais verificáveis por sistemas de computação.,CONCLUIDO,2019,2020,4304915270065653,Ioram Schechtman Sette,Sette,"SETTE, I. S.;Sette, I. S.;Sette, Ioram S.;SCHECHTMAN SETTE, IORAM",Recife,PE,"Doutor em ciência da computação pelo CIn/UFPE (2016), Ioram Sette atua como CTO na startup Verifiable Credentials Ltd e como Professor e Pesquisador no Centro de Estudos e Sistemas Avançados do Recife (CESAR). Possui mais de 25 de experiência na área de desenvolvimento e administração de sistemas distribuídos. Fundou uma BBS e Provedor de Internet em Recife, PE. Trabalhou também na e-Capture - rede de captura de transações eletrônicas, empresa adquirida pelo Itaú Unibanco. Seus interesses de pesquisa incluem ambientes multi-nuvem heterogêneos, cultura DevOps, gestão da identidade (IdM), Credenciais Verificáveis (VCs) e Identidades Auto-Soberanas (SSI), autorização baseada em políticas, segurança da informação e teoria da computação.",23-05-2021,Centro de Estudos e Sistemas Avançados do Recife,
Projeto WTseg,"Desenvolvimento de Sistema Embarcado com objetivo de realizar medições para manutenção eletromecânica de linhas de transmissão (linhas viva). Bolsista da FACEPE no projeto de pesquisa ,desenvolvimento e inovação.",CONCLUIDO,2015,2016,4364517952689670,Eronides Felisberto da Silva Neto,Neto,"SILVA NETO, E. F.;DA SILVA NETO, ERONIDES F.",,,"Mestre em Ciências da Computação pela Universidade Federal de Pernambuco  (UFPE), é graduado em Engenharia Eletrônica pela Universidade Federal de Pernambuco (DES-UFPE). Atua como Engenheiro de sistemas embarcados no Centro de Estudos e Sistemas Avançados do Recife (CESAR), sendo responsável pelo desenvolvimento de projetos de hardware e no desenvolvimento de software embarcado. Além da atuação no CESAR, participou no como bolsista de Cooperação Técnica (P&amp;D, Edital Tecnova FACEPE) na empresa WT Engenharia (2015-2016) na área de sistemas embarcados. &amp;#10;&amp;#10;Como pesquisador, possui experiência no processamento de imagens e áudio no software MATLAB, sendo bolsista de iniciação cientifica duas vezes nos projetos: Técnicas de Segurança para Multimidia Digital e  Um estúdio sobre o áudio digital. Possui experiência relacionada ao ensino adquirida durante sua graduação, quando foi monitor quatro vezes na UFPE e lecionou no Colégio NAP (Projeto NAP-Comunidade).",12-07-2022,Centro de Estudos e Sistemas Avançados do Recife,
ANAKAN: Uma Ferramenta para Construção Automática de Ontologias a partir de Textos em Linguagem Natural,"Ferramentas de Autoria baseadas em Processamento de Linguagem Natural, as quais possuem o intuito de facilitar as atividades dos usuários na construção dos seus artefatos computacionais, sejam eles blogs, sites, software, bases de dados, ontologias, entre outros, funcionam de forma simples e intuitiva. Assim, o intuito da ferramenta proposta, denominada ANAKAN, é ser uma ferramenta de autoria inteligente, com capacidades de realizar raciocínio, bem como, representar conhecimento de múltiplos domínios. ANAKAN poderá ser uma ferramenta útil no apoio das atividades de usuários experientes como Engenheiros de Ontologias e no apoio a usuários leigos interessados no desenvolvimento de bases de conhecimento modeladas como ontologias. A ferramenta ANAKAN tem como intuito a construção semi-automática de ontologias a partir de texto. Uma ferramenta de autoria inteligente, concebido para a criação semi-automática de ontologias ? que interage com usuários em linguagem natural, e, principalmente, com capacidade de aprender e de realizar raciocínio, a partir dessas interações com os usuários ? pode consistir numa solução viável e efetiva na automatização do processo de construção de ontologias expressivas e de boa qualidade. Pode-se considerar que a ferramenta ANAKAN é uma solução simples e acessível para vários tipos de públicos, tanto para os que não possuem conhecimento na área de Ontologias e Web Semântica, quanto para usuários experientes.",CONCLUIDO,2015,2016,5134397331258110,João Antônio Chagas Nunes,Nunes,"NUNES, J. A. C.;CHAGAS NUNES, JOAO ANTONIO;NUNES, J.A.C.",Santa Cruz do Capibaribe,VAZIO,VAZIO,29-12-2020,,
PAINEL DE CONTROLE DA EVASÃO ESCOLAR,"Criação de um painel de controle para prevenção da evasão escolar no Instituto Federal de Educação, Ciência e Tecnologia do Amazonas?. Compreende-se que a problemática da evasão escolar gera impactos que não se restringem apenas aos alunos que se evadem, posto que é uma situação gera efeitos negativos para toda a sociedade. A criação do painel de controle evidenciado neste material visou propiciar para as instituições de Educação Profissional e Tecnológica (EPT) um instrumento de fácil manuseio, cuja utilização correta gera informações pertinentes para o gerenciamento da evasão escolar.",CONCLUIDO,2021,2021,5801095813547312,Luiz Francisco Martins Bentes,Bentes,"BENTES, L. F. M.",,,"Mestrando em Inteligência Artificial pela CESAR School e Pós-graduando em Machine Learning pelo Instituto Federal do Amazonas, engenheiro de Software no Instituto CESAR - Norte com ênfase na parte de Android Embarcado. Pesquisador em RFID e Inteligência Artificial no Polo de Inovação do Instituto Federal de Educação, Ciência e Tecnologia do Amazonas.",29-06-2022,Centro de Estudos e Sistemas Avançados do Recife,https://orcid.org/0000-0003-4827-6252
"Plataforma +PNE e TC Educa: Integrando Dados Conectados, Inteligência Artificial e Análise de Dados","Planejamento, concepção, implementac&amp;#807;a&amp;#771;o e avaliac&amp;#807;a&amp;#771;o dos processos que subsidiam a manutenc&amp;#807;a&amp;#771;o, atualizac&amp;#807;a&amp;#771;o e integrac&amp;#807;a&amp;#771;o dos processos e sistemas necessa&amp;#769;rios para o ecossistema computacional dos escopos vinculados à Plataforma Nacional de Planos de Educação +PNE  e TC Educa: (1) apoiar o processo de elaboração e adequação dos Planos Subnacionais de Educação, em nível municipal, estadual e federal.; (2) apoiar a avaliac&amp;#807;a&amp;#771;o contínua, por meio de utilização de dados, a fim de assegurar o suporte ao processo de tomada de decisão baseada em evidência dos stakeholders envolvidos no processo. Ale&amp;#769;m destes objetivos, tambe&amp;#769;m havera&amp;#769; capacitac&amp;#807;a&amp;#771;o dos usua&amp;#769;rios, capacitac&amp;#807;a&amp;#771;o da equipe te&amp;#769;cnica para implantac&amp;#807;a&amp;#771;o dos sistemas desenvolvidos e disponibilizac&amp;#807;a&amp;#771;o do co&amp;#769;digo fonte e documentac&amp;#807;a&amp;#771;o dos sistemas desenvolvidos ao MEC.",EM_ANDAMENTO,2021,ATUAL,6190254569597745,Rafael Ferreira Leite de Mello,Mello,"Rafael Ferreira;Ferreira, Rafael;Rafael Mello;RAFAEL MELLO;MELLO, RAFAEL FE;FERREIRA'MELLO, RAFAEL;MELLO, RAFAEL FERREIRA;Ferreira Mello, Rafael;Rafael Ferreira Mello;MELLO, RAFAEL FERREIRA LEITE DE;MELLO, RAFAEL;FERREIRAMELLO, RAFAEL;MELLO, RAFAEL F. L.",Arapiraca,AL,"Rafael Ferreira Mello é doutor em ciência da computação com interesses de pesquisa que abrangem processamento de linguagem natural, learning analytics e tecnologia educacional. Ele é professor na Universidade Federal Rural de Pernambuco e no Cesar School, no Brasil, onde é um dos coordenadores do Laboratório de Inteligência Artificial (https://aiboxlab.org/), que desenvolve várias iniciativas relacionadas a learning analytics (LA). Dr. Mello realizou pós-doutorado na Escola de Informática da Universidade de Edimburgo em 2018, onde continua a ter colaborações. Ele trabalha em vários projetos de pesquisa multinacionais, que envolvem parceiros acadêmicos e empresas na Europa, Austrália, Estados Unidos e América Latina. A experiência anterior do Dr. Mello também inclui um projeto de pesquisa financiado pela Hewlett-Packard, onde atuou como líder técnico. Um tema-chave de sua pesquisa recente tem sido o uso do processamento de linguagem natural aplicados como educação e temas mais focados em análise de textos como sumarização e classificação.",08-01-2023,Universidade Federal Rural de Pernambuco,https://orcid.org/0000-0003-3548-9670
ArCo - Arcabouço de Comunidades,"O uso de Comunidades Virtuais está se tornando cada dia maior, pois a circulação de informações dentro destas é rápida e seu acesso aumenta a comodidade dos que as utilizam, visto que não precisam sair de casa. Com base nisso, este projeto tem como base o desenvolvimento de um arcabouço de software baseado em componentes para a construção de ambientes de comunidades virtuais de aprendizagem na Web, denominado ArCo. O ArCo é um arcabouço de software extensível e de código aberto para a construção de ambientes de comunidades virtuais. O arcabouço dispõe de ferramentas para a interação e colaboração de atores, componentes de infra-estrutura e interface gráfica. Os componentes do arcabouço foram agrupados nas camadas de infra-estrutura, camada de núcleo, ferramentas e interface gráfica unificada.",EM_ANDAMENTO,2003,2008,6190254569597745,Rafael Ferreira Leite de Mello,Mello,"Rafael Ferreira;Ferreira, Rafael;Rafael Mello;RAFAEL MELLO;MELLO, RAFAEL FE;FERREIRA'MELLO, RAFAEL;MELLO, RAFAEL FERREIRA;Ferreira Mello, Rafael;Rafael Ferreira Mello;MELLO, RAFAEL FERREIRA LEITE DE;MELLO, RAFAEL;FERREIRAMELLO, RAFAEL;MELLO, RAFAEL F. L.",Arapiraca,AL,"Rafael Ferreira Mello é doutor em ciência da computação com interesses de pesquisa que abrangem processamento de linguagem natural, learning analytics e tecnologia educacional. Ele é professor na Universidade Federal Rural de Pernambuco e no Cesar School, no Brasil, onde é um dos coordenadores do Laboratório de Inteligência Artificial (https://aiboxlab.org/), que desenvolve várias iniciativas relacionadas a learning analytics (LA). Dr. Mello realizou pós-doutorado na Escola de Informática da Universidade de Edimburgo em 2018, onde continua a ter colaborações. Ele trabalha em vários projetos de pesquisa multinacionais, que envolvem parceiros acadêmicos e empresas na Europa, Austrália, Estados Unidos e América Latina. A experiência anterior do Dr. Mello também inclui um projeto de pesquisa financiado pela Hewlett-Packard, onde atuou como líder técnico. Um tema-chave de sua pesquisa recente tem sido o uso do processamento de linguagem natural aplicados como educação e temas mais focados em análise de textos como sumarização e classificação.",08-01-2023,Universidade Federal Rural de Pernambuco,https://orcid.org/0000-0003-3548-9670
Desevolvimento de serviços educacionais para auxílio a pessoas com dificuldades de comunicação,"O objetivo deste projeto é desenvolver e implantar novas tecnologias ao sistema Livox visando estimular a conversação e interação entre professores e alunos com e sem deficiência. Serão utilizadas técnicas de processamento de linguagem natural para melhorar o sistema de recomendação de sentenças do aplicativo para geração de frases mais complexas atendendo assim às necessidades tanto dos alunos que estão nos últimos anos do ensino fundamental quanto de seus professores. Além disto, será incluído no sistema um novo módulo para geração automática de perguntas e respostas focado no conteúdo programático do 6º ao 9º ano que poderá ser usado por todos os alunos da escola.",CONCLUIDO,2019,2020,6190254569597745,Rafael Ferreira Leite de Mello,Mello,"Rafael Ferreira;Ferreira, Rafael;Rafael Mello;RAFAEL MELLO;MELLO, RAFAEL FE;FERREIRA'MELLO, RAFAEL;MELLO, RAFAEL FERREIRA;Ferreira Mello, Rafael;Rafael Ferreira Mello;MELLO, RAFAEL FERREIRA LEITE DE;MELLO, RAFAEL;FERREIRAMELLO, RAFAEL;MELLO, RAFAEL F. L.",Arapiraca,AL,"Rafael Ferreira Mello é doutor em ciência da computação com interesses de pesquisa que abrangem processamento de linguagem natural, learning analytics e tecnologia educacional. Ele é professor na Universidade Federal Rural de Pernambuco e no Cesar School, no Brasil, onde é um dos coordenadores do Laboratório de Inteligência Artificial (https://aiboxlab.org/), que desenvolve várias iniciativas relacionadas a learning analytics (LA). Dr. Mello realizou pós-doutorado na Escola de Informática da Universidade de Edimburgo em 2018, onde continua a ter colaborações. Ele trabalha em vários projetos de pesquisa multinacionais, que envolvem parceiros acadêmicos e empresas na Europa, Austrália, Estados Unidos e América Latina. A experiência anterior do Dr. Mello também inclui um projeto de pesquisa financiado pela Hewlett-Packard, onde atuou como líder técnico. Um tema-chave de sua pesquisa recente tem sido o uso do processamento de linguagem natural aplicados como educação e temas mais focados em análise de textos como sumarização e classificação.",08-01-2023,Universidade Federal Rural de Pernambuco,https://orcid.org/0000-0003-3548-9670
Feedback bot: Sistema para aprimoramento na escrita de feedback,"Esse projeto propõe a criação de um sistema, que utiliza técnicas de processamento de linguagem natural e learning analytics que geram visualizações, para auxiliar professores na elaboração de feedback..",EM_ANDAMENTO,2020,ATUAL,6190254569597745,Rafael Ferreira Leite de Mello,Mello,"Rafael Ferreira;Ferreira, Rafael;Rafael Mello;RAFAEL MELLO;MELLO, RAFAEL FE;FERREIRA'MELLO, RAFAEL;MELLO, RAFAEL FERREIRA;Ferreira Mello, Rafael;Rafael Ferreira Mello;MELLO, RAFAEL FERREIRA LEITE DE;MELLO, RAFAEL;FERREIRAMELLO, RAFAEL;MELLO, RAFAEL F. L.",Arapiraca,AL,"Rafael Ferreira Mello é doutor em ciência da computação com interesses de pesquisa que abrangem processamento de linguagem natural, learning analytics e tecnologia educacional. Ele é professor na Universidade Federal Rural de Pernambuco e no Cesar School, no Brasil, onde é um dos coordenadores do Laboratório de Inteligência Artificial (https://aiboxlab.org/), que desenvolve várias iniciativas relacionadas a learning analytics (LA). Dr. Mello realizou pós-doutorado na Escola de Informática da Universidade de Edimburgo em 2018, onde continua a ter colaborações. Ele trabalha em vários projetos de pesquisa multinacionais, que envolvem parceiros acadêmicos e empresas na Europa, Austrália, Estados Unidos e América Latina. A experiência anterior do Dr. Mello também inclui um projeto de pesquisa financiado pela Hewlett-Packard, onde atuou como líder técnico. Um tema-chave de sua pesquisa recente tem sido o uso do processamento de linguagem natural aplicados como educação e temas mais focados em análise de textos como sumarização e classificação.",08-01-2023,Universidade Federal Rural de Pernambuco,https://orcid.org/0000-0003-3548-9670
Utilização de analíticas de aprendizagem e gamificação para personalizar o ensino de alfabetização,"Desenvolvimento de plataforma educacional para ensino de matemática básica e alfabetização utilizando técnicas de gamificação e analíticas de aprendizagem. Mais especificamente, vamos utilizar como base o aplicativo do livox, mas será desenvolvida uma nova plataforma que vai prover serviços educacionais para auxiliar professores e alunos no processo de ensino aprendizagem.",CONCLUIDO,2019,2021,6190254569597745,Rafael Ferreira Leite de Mello,Mello,"Rafael Ferreira;Ferreira, Rafael;Rafael Mello;RAFAEL MELLO;MELLO, RAFAEL FE;FERREIRA'MELLO, RAFAEL;MELLO, RAFAEL FERREIRA;Ferreira Mello, Rafael;Rafael Ferreira Mello;MELLO, RAFAEL FERREIRA LEITE DE;MELLO, RAFAEL;FERREIRAMELLO, RAFAEL;MELLO, RAFAEL F. L.",Arapiraca,AL,"Rafael Ferreira Mello é doutor em ciência da computação com interesses de pesquisa que abrangem processamento de linguagem natural, learning analytics e tecnologia educacional. Ele é professor na Universidade Federal Rural de Pernambuco e no Cesar School, no Brasil, onde é um dos coordenadores do Laboratório de Inteligência Artificial (https://aiboxlab.org/), que desenvolve várias iniciativas relacionadas a learning analytics (LA). Dr. Mello realizou pós-doutorado na Escola de Informática da Universidade de Edimburgo em 2018, onde continua a ter colaborações. Ele trabalha em vários projetos de pesquisa multinacionais, que envolvem parceiros acadêmicos e empresas na Europa, Austrália, Estados Unidos e América Latina. A experiência anterior do Dr. Mello também inclui um projeto de pesquisa financiado pela Hewlett-Packard, onde atuou como líder técnico. Um tema-chave de sua pesquisa recente tem sido o uso do processamento de linguagem natural aplicados como educação e temas mais focados em análise de textos como sumarização e classificação.",08-01-2023,Universidade Federal Rural de Pernambuco,https://orcid.org/0000-0003-3548-9670
Extração de informação e classificação em textos jurídicos,"A demanda por softwares capazes de aumentar a eficiência de operadores do direito, tais como escritórios de advocacia, tribunais, órgãos legislativos e administrativos, tem crescido vertiginosamente. O objetivo neste projeto consiste no desenvolvimento de uma plataforma online para processamento automático de textos de natureza jurídica, utilizando técnicas de processamento de textos e aprendizagem de máquina.. &amp;#10;Situação: Em andamento; Natureza: Desenvolvimento.",CONCLUIDO,2020,2021,6190254569597745,Rafael Ferreira Leite de Mello,Mello,"Rafael Ferreira;Ferreira, Rafael;Rafael Mello;RAFAEL MELLO;MELLO, RAFAEL FE;FERREIRA'MELLO, RAFAEL;MELLO, RAFAEL FERREIRA;Ferreira Mello, Rafael;Rafael Ferreira Mello;MELLO, RAFAEL FERREIRA LEITE DE;MELLO, RAFAEL;FERREIRAMELLO, RAFAEL;MELLO, RAFAEL F. L.",Arapiraca,AL,"Rafael Ferreira Mello é doutor em ciência da computação com interesses de pesquisa que abrangem processamento de linguagem natural, learning analytics e tecnologia educacional. Ele é professor na Universidade Federal Rural de Pernambuco e no Cesar School, no Brasil, onde é um dos coordenadores do Laboratório de Inteligência Artificial (https://aiboxlab.org/), que desenvolve várias iniciativas relacionadas a learning analytics (LA). Dr. Mello realizou pós-doutorado na Escola de Informática da Universidade de Edimburgo em 2018, onde continua a ter colaborações. Ele trabalha em vários projetos de pesquisa multinacionais, que envolvem parceiros acadêmicos e empresas na Europa, Austrália, Estados Unidos e América Latina. A experiência anterior do Dr. Mello também inclui um projeto de pesquisa financiado pela Hewlett-Packard, onde atuou como líder técnico. Um tema-chave de sua pesquisa recente tem sido o uso do processamento de linguagem natural aplicados como educação e temas mais focados em análise de textos como sumarização e classificação.",08-01-2023,Universidade Federal Rural de Pernambuco,https://orcid.org/0000-0003-3548-9670
Aprendizagem de representações de produtos no contexto de e-commerce,"Para sites de e-commerce, sistemas de busca são ferramentas fundamentais para auxiliar clientes a encontrar produtos relevantes, e pode ser o diferencial a realização ou não uma transação. Contudo, os modelos de representação usados neste contexto são compostas de vetores densos de grandes dimensões, que estão associados a alto custo de memória em tempo de inferência. Neste projeto, serão propostos novos modelos de compressão de representações vetoriais para realização de buscas mais eficientes.",EM_ANDAMENTO,2022,ATUAL,6190254569597745,Rafael Ferreira Leite de Mello,Mello,"Rafael Ferreira;Ferreira, Rafael;Rafael Mello;RAFAEL MELLO;MELLO, RAFAEL FE;FERREIRA'MELLO, RAFAEL;MELLO, RAFAEL FERREIRA;Ferreira Mello, Rafael;Rafael Ferreira Mello;MELLO, RAFAEL FERREIRA LEITE DE;MELLO, RAFAEL;FERREIRAMELLO, RAFAEL;MELLO, RAFAEL F. L.",Arapiraca,AL,"Rafael Ferreira Mello é doutor em ciência da computação com interesses de pesquisa que abrangem processamento de linguagem natural, learning analytics e tecnologia educacional. Ele é professor na Universidade Federal Rural de Pernambuco e no Cesar School, no Brasil, onde é um dos coordenadores do Laboratório de Inteligência Artificial (https://aiboxlab.org/), que desenvolve várias iniciativas relacionadas a learning analytics (LA). Dr. Mello realizou pós-doutorado na Escola de Informática da Universidade de Edimburgo em 2018, onde continua a ter colaborações. Ele trabalha em vários projetos de pesquisa multinacionais, que envolvem parceiros acadêmicos e empresas na Europa, Austrália, Estados Unidos e América Latina. A experiência anterior do Dr. Mello também inclui um projeto de pesquisa financiado pela Hewlett-Packard, onde atuou como líder técnico. Um tema-chave de sua pesquisa recente tem sido o uso do processamento de linguagem natural aplicados como educação e temas mais focados em análise de textos como sumarização e classificação.",08-01-2023,Universidade Federal Rural de Pernambuco,https://orcid.org/0000-0003-3548-9670
Intel XScale,"Pesquisa e Desenvolvimento para a plataforma Intel XScale.&amp;#10;Pesquisa envolveu processamento de sinais digitais, processamento de som, desenvolvimento para dispositivos móveis/embarcados e o desenvolvimento de uma pedaleira digital de efeitos sonoros para guitarras.",CONCLUIDO,2005,2005,6745827031682849,Joao Paulo Magalhaes,Magalhaes,"MAGALHAES, J. P.;MAGALHAES, JOAO PAULO;Magalhaes, Joao Paulo",Recife,PE,"Mestre em Ciências da Computação pelo Centro de Informática da Universidade Federal de Pernambuco (UFPE) em 2010, com foco em visão computacional, aprendizagem de maquinas e processamento de imagens. Possui graduação em Engenharia da Computação também pela UFPE (2008). Desenvolveu pesquisas acadêmicas vinculadas ao VIISAR (Grupo de pesquisas em Visão Computacional da UFPE) e a instituições de pesquisa e desenvolvimento como o Centro de Estudos e Sistemas Avançados do Recife (C.E.S.A.R.), tendo publicado artigos nas áreas de visão computacional, aprendizagem de máquinas, processamento de imagens e dispositivos móveis. &amp;#10;&amp;#10;Com mais de doze anos de experiência profissional, sempre manteve seu trabalho relacionado a pesquisa e desenvolvimento de novas tecnologias, produtos e empresas, com destaque para os mais de 5 anos com dedicação ao C.E.S.A.R. - onde trabalha diretamente com empresas líderes nos mercados nacional e internacional, como a SAMSUNG, Motorola, LG e outras. Atua como líder técnico e de equipes em projetos de pesquisa e desenvolvimento nas áreas de Ciência de Dados, Aprendizagem de Máquinas e novas tecnologias, em geral, como Internet das Coisas e outras. Além disso, também atua como professor em cursos de Graduação, Especialização / Pós Graduação e Extensão em disciplinas técnicas de Aprendizagem de Máquinas e de Inteligência Artificial e Novas Tecnologias, como os Produtos Inteligentes e Conectados, em cursos executivos.&amp;#10;&amp;#10;Tem interesse constante na criação e engenharia de novos produtos e serviços de base tecnológica. Especialista em Aprendizagem de Máquinas. Possui sólida experiência na arquitetura de sistemas distribuídos, principalmente envolvendo dispositivos móveis, embarcados e IoT (Internet das Coisas).&amp;#10;Mantém interesse acadêmico nas áreas de Inteligência e Visão Computacional, Aprendizagem de Máquinas, Ciências de Dados e novas tecnologias em geral.",04-03-2022,CESAR School,
Smart Invoice,Criação de uma ferramenta para extração de informações de Notas Fiscais brasileiras a partir de imagens das mesmas.,EM_ANDAMENTO,2018,ATUAL,6745827031682849,Joao Paulo Magalhaes,Magalhaes,"MAGALHAES, J. P.;MAGALHAES, JOAO PAULO;Magalhaes, Joao Paulo",Recife,PE,"Mestre em Ciências da Computação pelo Centro de Informática da Universidade Federal de Pernambuco (UFPE) em 2010, com foco em visão computacional, aprendizagem de maquinas e processamento de imagens. Possui graduação em Engenharia da Computação também pela UFPE (2008). Desenvolveu pesquisas acadêmicas vinculadas ao VIISAR (Grupo de pesquisas em Visão Computacional da UFPE) e a instituições de pesquisa e desenvolvimento como o Centro de Estudos e Sistemas Avançados do Recife (C.E.S.A.R.), tendo publicado artigos nas áreas de visão computacional, aprendizagem de máquinas, processamento de imagens e dispositivos móveis. &amp;#10;&amp;#10;Com mais de doze anos de experiência profissional, sempre manteve seu trabalho relacionado a pesquisa e desenvolvimento de novas tecnologias, produtos e empresas, com destaque para os mais de 5 anos com dedicação ao C.E.S.A.R. - onde trabalha diretamente com empresas líderes nos mercados nacional e internacional, como a SAMSUNG, Motorola, LG e outras. Atua como líder técnico e de equipes em projetos de pesquisa e desenvolvimento nas áreas de Ciência de Dados, Aprendizagem de Máquinas e novas tecnologias, em geral, como Internet das Coisas e outras. Além disso, também atua como professor em cursos de Graduação, Especialização / Pós Graduação e Extensão em disciplinas técnicas de Aprendizagem de Máquinas e de Inteligência Artificial e Novas Tecnologias, como os Produtos Inteligentes e Conectados, em cursos executivos.&amp;#10;&amp;#10;Tem interesse constante na criação e engenharia de novos produtos e serviços de base tecnológica. Especialista em Aprendizagem de Máquinas. Possui sólida experiência na arquitetura de sistemas distribuídos, principalmente envolvendo dispositivos móveis, embarcados e IoT (Internet das Coisas).&amp;#10;Mantém interesse acadêmico nas áreas de Inteligência e Visão Computacional, Aprendizagem de Máquinas, Ciências de Dados e novas tecnologias em geral.",04-03-2022,CESAR School,
Document Server,Desenvolvimento de uma ferramenta para extração de informações a partir de imagens de documentos oficiais do Brasil. Esta solução tinha como diferencial permitir que o cliente definisse formatos para quaisquer novos documentos que desejasse.,CONCLUIDO,2017,2017,6745827031682849,Joao Paulo Magalhaes,Magalhaes,"MAGALHAES, J. P.;MAGALHAES, JOAO PAULO;Magalhaes, Joao Paulo",Recife,PE,"Mestre em Ciências da Computação pelo Centro de Informática da Universidade Federal de Pernambuco (UFPE) em 2010, com foco em visão computacional, aprendizagem de maquinas e processamento de imagens. Possui graduação em Engenharia da Computação também pela UFPE (2008). Desenvolveu pesquisas acadêmicas vinculadas ao VIISAR (Grupo de pesquisas em Visão Computacional da UFPE) e a instituições de pesquisa e desenvolvimento como o Centro de Estudos e Sistemas Avançados do Recife (C.E.S.A.R.), tendo publicado artigos nas áreas de visão computacional, aprendizagem de máquinas, processamento de imagens e dispositivos móveis. &amp;#10;&amp;#10;Com mais de doze anos de experiência profissional, sempre manteve seu trabalho relacionado a pesquisa e desenvolvimento de novas tecnologias, produtos e empresas, com destaque para os mais de 5 anos com dedicação ao C.E.S.A.R. - onde trabalha diretamente com empresas líderes nos mercados nacional e internacional, como a SAMSUNG, Motorola, LG e outras. Atua como líder técnico e de equipes em projetos de pesquisa e desenvolvimento nas áreas de Ciência de Dados, Aprendizagem de Máquinas e novas tecnologias, em geral, como Internet das Coisas e outras. Além disso, também atua como professor em cursos de Graduação, Especialização / Pós Graduação e Extensão em disciplinas técnicas de Aprendizagem de Máquinas e de Inteligência Artificial e Novas Tecnologias, como os Produtos Inteligentes e Conectados, em cursos executivos.&amp;#10;&amp;#10;Tem interesse constante na criação e engenharia de novos produtos e serviços de base tecnológica. Especialista em Aprendizagem de Máquinas. Possui sólida experiência na arquitetura de sistemas distribuídos, principalmente envolvendo dispositivos móveis, embarcados e IoT (Internet das Coisas).&amp;#10;Mantém interesse acadêmico nas áreas de Inteligência e Visão Computacional, Aprendizagem de Máquinas, Ciências de Dados e novas tecnologias em geral.",04-03-2022,CESAR School,
Dispositivo multi-interface para processadores x86,"Implementação, em FPGA, de um conjunto de interfaces para acesso de um processador x86 a dispositivos diversos. Este sistema foi implementado em um FPGA. Foram implementadas, entre outras, as seguintes interfaces: UART, SPI, PWM, dual ethernet com chaveamento automatico em caso de perda de comunicação e IRIG.",CONCLUIDO,2008,2010,7811242577429090,Gabor Sipkoi Kellermann,Kellermann,"SIPKOI, G.",Ankara,,"Engenheiro Eletrônico formado pela Universidade Federal de Pernambuco - UFPE em 2002. Possui mestrado em engenharia de sistemas com foco em arquitetura de computadores pela Universidade de Pernambuco - UPE em 2015. &amp;#10;Atualmente atua como engenheiro de software consultor no Centro de Estudos e Sistemas Avançados do Recife - CESAR. Tem experiência em desenvolvimento de hardware e firmware para sistemas embarcados de tempo real. Possui, também, experiencia de de coordenação e gerencia de atividades de pesquisa e desenvolvimento.",05-07-2022,Centro de Estudos e Sistemas Avançados do Recife,
Monitor de qualidade de rede eletrica com comunicacao bluetooth,Coordenação técnica de um projeto de desenvolvimento de um produto com capacidade de monitorar a qualidade da rede elétrica e enviar dados sobre este monitoramento através de Bluetooth para computadores e celulares.,CONCLUIDO,2012,2013,7811242577429090,Gabor Sipkoi Kellermann,Kellermann,"SIPKOI, G.",Ankara,,"Engenheiro Eletrônico formado pela Universidade Federal de Pernambuco - UFPE em 2002. Possui mestrado em engenharia de sistemas com foco em arquitetura de computadores pela Universidade de Pernambuco - UPE em 2015. &amp;#10;Atualmente atua como engenheiro de software consultor no Centro de Estudos e Sistemas Avançados do Recife - CESAR. Tem experiência em desenvolvimento de hardware e firmware para sistemas embarcados de tempo real. Possui, também, experiencia de de coordenação e gerencia de atividades de pesquisa e desenvolvimento.",05-07-2022,Centro de Estudos e Sistemas Avançados do Recife,
Módulo de comunicação serial para CLP,Desenvolvimento do firmware de um módulo de comunicação para CLPs. O firmware foi desenvolvido em linguagem assembly do processador 8051.,CONCLUIDO,2007,2008,7811242577429090,Gabor Sipkoi Kellermann,Kellermann,"SIPKOI, G.",Ankara,,"Engenheiro Eletrônico formado pela Universidade Federal de Pernambuco - UFPE em 2002. Possui mestrado em engenharia de sistemas com foco em arquitetura de computadores pela Universidade de Pernambuco - UPE em 2015. &amp;#10;Atualmente atua como engenheiro de software consultor no Centro de Estudos e Sistemas Avançados do Recife - CESAR. Tem experiência em desenvolvimento de hardware e firmware para sistemas embarcados de tempo real. Possui, também, experiencia de de coordenação e gerencia de atividades de pesquisa e desenvolvimento.",05-07-2022,Centro de Estudos e Sistemas Avançados do Recife,
Desenvolvimento de soluções embarcadas para automação bancária,"Desenvolvimento de soluções de hardware e firmware para sistemas de automação bancaria. Desenvolvimento de placas de circuito impresso de até 6 camadas, elaboração de esquemas elétricos e de firmware de tempo real.",CONCLUIDO,2010,2013,7811242577429090,Gabor Sipkoi Kellermann,Kellermann,"SIPKOI, G.",Ankara,,"Engenheiro Eletrônico formado pela Universidade Federal de Pernambuco - UFPE em 2002. Possui mestrado em engenharia de sistemas com foco em arquitetura de computadores pela Universidade de Pernambuco - UPE em 2015. &amp;#10;Atualmente atua como engenheiro de software consultor no Centro de Estudos e Sistemas Avançados do Recife - CESAR. Tem experiência em desenvolvimento de hardware e firmware para sistemas embarcados de tempo real. Possui, também, experiencia de de coordenação e gerencia de atividades de pesquisa e desenvolvimento.",05-07-2022,Centro de Estudos e Sistemas Avançados do Recife,
Dispositivo IoT para auxilio ao diagnóstico de bruxismo,,CONCLUIDO,2019,2021,7811242577429090,Gabor Sipkoi Kellermann,Kellermann,"SIPKOI, G.",Ankara,,"Engenheiro Eletrônico formado pela Universidade Federal de Pernambuco - UFPE em 2002. Possui mestrado em engenharia de sistemas com foco em arquitetura de computadores pela Universidade de Pernambuco - UPE em 2015. &amp;#10;Atualmente atua como engenheiro de software consultor no Centro de Estudos e Sistemas Avançados do Recife - CESAR. Tem experiência em desenvolvimento de hardware e firmware para sistemas embarcados de tempo real. Possui, também, experiencia de de coordenação e gerencia de atividades de pesquisa e desenvolvimento.",05-07-2022,Centro de Estudos e Sistemas Avançados do Recife,
Dispositivo IoT para monitor consumo de oxigenio medicinal,Dispositivo embarcado para monitorar consumo de oxigênio medicinal em ambientes hospitalares e home care.,CONCLUIDO,2020,2021,7811242577429090,Gabor Sipkoi Kellermann,Kellermann,"SIPKOI, G.",Ankara,,"Engenheiro Eletrônico formado pela Universidade Federal de Pernambuco - UFPE em 2002. Possui mestrado em engenharia de sistemas com foco em arquitetura de computadores pela Universidade de Pernambuco - UPE em 2015. &amp;#10;Atualmente atua como engenheiro de software consultor no Centro de Estudos e Sistemas Avançados do Recife - CESAR. Tem experiência em desenvolvimento de hardware e firmware para sistemas embarcados de tempo real. Possui, também, experiencia de de coordenação e gerencia de atividades de pesquisa e desenvolvimento.",05-07-2022,Centro de Estudos e Sistemas Avançados do Recife,
SEFIN - Secure Fieldwork Network,,CONCLUIDO,2011,2014,7826684861425562,Rodrigo Diego Melo Amorim,Amorim,VAZIO,Petrolina,PE,"Bacharel e mestre em Ciência da Computação pela Universidade Federal de Pernambuco. Atualmente é pesquisador do Grupo de Pesquisa em Redes e Telecomunicações. Tem experiência na área de Ciência da Computação, com ênfase em Redes de Computadores, Segurança da Informação e Dispositivos Móveis.",22-02-2018,Universidade Federal de Pernambuco,VAZIO
Segurança da Informação da Rede de Controle e Automação - fase 2,"O projeto SIRCAM consiste em estudar a agrupar conceitos e práticas de segurança de tecnologia da informação, com o objetivo de gerenciar de forma segura um ambiente de automação e controle da gerência de recursos de geração e transmissão de energia elétrica no ambiente da CHESF. A fase atual do projeto Sircam consiste em especificar, desenvolver, testar e implantar uma estratégia de autenticação e autorização de usuários, favorecendo a segurança no uso dos recursos da CHESF",EM_ANDAMENTO,2013,ATUAL,7826684861425562,Rodrigo Diego Melo Amorim,Amorim,VAZIO,Petrolina,PE,"Bacharel e mestre em Ciência da Computação pela Universidade Federal de Pernambuco. Atualmente é pesquisador do Grupo de Pesquisa em Redes e Telecomunicações. Tem experiência na área de Ciência da Computação, com ênfase em Redes de Computadores, Segurança da Informação e Dispositivos Móveis.",22-02-2018,Universidade Federal de Pernambuco,VAZIO
Amadeus,"O Projeto Amadeus visa o desenvolvimento de um sistema de gestão da aprendizagem de segunda&amp;#10;geração, baseado no conceito de blended learning. O Projeto que permite extender as experiências&amp;#10;adiquiridas de usuários de educação a distância para diversas plataformas (Internet, desktop,&amp;#10;celulares, PDAs, e futuramente TV Digital) de forma integrada e consistente. Essa ampliação das&amp;#10;formas de interação dos usuários com os conteúdos e dos usuários entre eles permite a&amp;#10;implementação de novas estratégias de ensino e de aprendizagem orientadas por teorias&amp;#10;construtivistas ou socio-interacioniste do desenvolvimento humano. Com este Projeto de ambiente virtual de aprendizagem desejamos contribuir com o desenvolvimento social pela formação e educação para todas(os) e ao longo de toda vida e para além das fronteiras que separam os estados e as nações.",CONCLUIDO,2002,2007,8922901056006734,Walquíria Castelo Branco Lins,Lins,"LINS, Walquíria C.B.;CASTELO BRANCO, W.;BRANCO, W.C.;LINS, WALQUIRIA;LINS, WALQUIRIA CASTELO BRANCO;LINS, WALQUÍRIA CASTELO BRANCO",Maragogi,AL,"Consultora do CESAR, pós-doutora pela Universidade de Helsinque-Finlândia com o Prof. Dr. Yrjö Engeström, no qual investigou a qprendizagem expansiva, em projetos de inovação tecnológica e educacional em área rural. Vem atuando em projetos de inovação na área de Tecnologia. Atua junto aos Mestrado Profissional em Design e Mestrado Profissional em Engenharia de Software do CESAR e também junto ao Programa de Pós-graduação em Educação Matemática e Tecnológica da UFPE. Pós-doutora em Tecnologia e Educação Científica. Doutora em Educação pela UFPE com pesquisas em Tecnologia na Educação, vem desde 2003 desenvolvendo experiências na formação de professores de Matemática para o uso da Informática. Licenciada e Bacharel em Filosofia pela Universidade Federal de Pernambuco e Bacharel em Sistema de Informação com Ênfase em Engenharia de Sofware. Especialista em Informática na Educação também pela UFPE, a partir do qual atuou nos laboratórios na informática na Educação tanto com alunos quanto na formação de professores.  Desenvolveu seu estágio pós-doutoral no projeto &amp;quot;Elaboração e utilização de um portal FlexQuest e de séries temáticas de Podcasting de Ciências&amp;quot;, junto a Universidade Federal Rural de Pernambuco, com o Prof. Dr. Marcelo Brito Carneiro Leão. Em 2004 concluiu seu Mestrado em Educação, pela UFPE, com pesquisa na área de Tecnologia na Educação, no qual investiu esforços na análise da atividade docente em laboratórios de Infomática a partir dos fundamentos da Teoria da Atividade. Em 2010 concluiu seu doutorado em Educação pela UFPE, investigando a docência online em ambientes de imersão 3D da Web 2.0. Com experiência no Ensino Superior, vem atuando com o uso e desenvolvimento de softwares no ensino de Matemática.",04-11-2022,Centro de Estudos e Sistemas Avançados do Recife,
